{"results": {"1": {"train_accs": {"40": [97.5, 100.0], "60": [96.66666666666667, 96.66666666666667], "80": [93.75, 93.75]}, "test_accs": {"40": [73.77049180327869, 77.04918032786885], "60": [83.60655737704919, 78.68852459016394], "80": [83.60655737704919, 75.40983606557377]}, "runtimes": {"40": [0.7392289638519287, 0.3103020191192627], "60": [178.88309717178345, 6.052581071853638], "80": [300.004310131073, 300.0087478160858]}, "objs": {"40": [4.0, 0.0], "60": [6.0, 4.0], "80": [12.0, 10.0]}}, "3": {"train_accs": {"40": [100.0, 100.0], "60": [100.0, 100.0], "80": [95.0, 100.0]}, "test_accs": {"40": [70.49180327868852, 73.77049180327869], "60": [78.68852459016394, 80.32786885245902], "80": [85.24590163934425, 73.77049180327869]}, "runtimes": {"40": [0.5615310668945312, 0.45296406745910645], "60": [3.6550590991973877, 1.2889738082885742], "80": [218.44428610801697, 6.3795130252838135]}, "objs": {"40": [0.0, 0.0], "60": [4.0, 0.0], "80": [8.0, 2.0]}}, "7": {"train_accs": {"40": [100.0, 100.0], "60": [100.0, 100.0], "80": [95.0, 100.0]}, "test_accs": {"40": [67.21311475409836, 63.934426229508205], "60": [78.68852459016394, 81.9672131147541], "80": [78.68852459016394, 75.40983606557377]}, "runtimes": {"40": [0.8033018112182617, 0.7926130294799805], "60": [2.031747817993164, 1.5325798988342285], "80": [237.70272397994995, 6.017039060592651]}, "objs": {"40": [0.0, 0.0], "60": [3.0, 0.0], "80": [8.0, 0.0]}}, "15": {"train_accs": {"40": [100.0, 100.0], "60": [100.0, 100.0], "80": [97.5, 100.0]}, "test_accs": {"40": [70.49180327868852, 77.04918032786885], "60": [75.40983606557377, 78.68852459016394], "80": [86.88524590163934, 75.40983606557377]}, "runtimes": {"40": [0.9587299823760986, 0.9433488845825195], "60": [3.532879114151001, 2.0361568927764893], "80": [46.668246030807495, 7.147459030151367]}, "objs": {"40": [0.0, 0.0], "60": [0.0, 4.0], "80": [4.0, 0.0]}}}, "ts": "13-03-11:08"}