{"results": {"1": [[[83.60655737704919, 78.68852459016394, 78.68852459016394], [2.914247989654541, 14.918584108352661, 1.2115929126739502]], [[88.52459016393442, 83.60655737704919, 81.9672131147541], [3264.257239818573, 580.6955091953278, 794.6488180160522]], [[83.60655737704919, 83.60655737704919, 80.32786885245902], [7200.053799152374, 7200.339245080948, 7200.223942041397]], [[85.24590163934425, 80.32786885245902, 81.9672131147541], [7200.035991191864, 7200.0316598415375, 7200.07821893692]]], "3": [[[81.9672131147541, 77.04918032786885, 73.77049180327869], [1.2938170433044434, 1.1272838115692139, 1.1929569244384766]], [[86.88524590163934, 81.9672131147541, 81.9672131147541], [2839.1853737831116, 7200.11460185051, 6117.118279933929]], [[80.32786885245902, 81.9672131147541, 73.77049180327869], [7200.016840934753, 7200.048963069916, 7200.128799915314]], [[91.80327868852459, 73.77049180327869, 83.60655737704919], [7200.061668872833, 7200.154716968536, 7200.0306441783905]]], "7": [[[78.68852459016394, 70.49180327868852, 80.32786885245902], [1.5080580711364746, 1.2866249084472656, 1.136490821838379]], [[86.88524590163934, 80.32786885245902, 78.68852459016394], [2057.784674167633, 1610.949716091156, 1111.8597378730774]], [[78.68852459016394, 78.68852459016394, 85.24590163934425], [7200.078253984451, 7200.028445005417, 7200.129559993744]], [[86.88524590163934, 81.9672131147541, 86.88524590163934], [7200.1968648433685, 7200.987864017487, 7200.065290927887]]], "15": [[[85.24590163934425, 75.40983606557377, 75.40983606557377], [1.9199399948120117, 2.250437021255493, 2.3159968852996826]], [[86.88524590163934, 73.77049180327869, 78.68852459016394], [7200.352754831314, 86.84693598747253, 7200.033004045486]], [[78.68852459016394, 78.68852459016394, 81.9672131147541], [7200.126633167267, 7200.10512304306, 7200.189038038254]], [[78.68852459016394, 78.68852459016394, 86.88524590163934], [7200.23287987709, 7200.210320949554, 7200.039649963379]]]}, "ts": "29-02-01:39"}