{"results": {"train_accs": {"80": [100.0, 100.0, 97.5]}, "val_accs": {"80": [74.96928746928747, 77.3034398034398, 75.24570024570025]}, "test_accs": {"80": [75.44226044226045, 76.96560196560198, 76.32063882063882]}, "runtimes": {"80": [3.0431649684906006, 3.052046060562134, 9.759491920471191]}, "objs": {"80": [3.0, 3.0, 5.0]}, "HL": [40, 40, 40]}, "ts": "03-04-15:33"}