{"results": {"all": [[[80.32786885245902, 78.68852459016394, 73.77049180327869], [3.506322145462036, 12.248065948486328, 8.130309820175171]], [[77.04918032786885, 90.1639344262295, 85.24590163934425], [7200.070207834244, 7200.020920991898, 7200.109946012497]], [[77.04918032786885, 86.88524590163934, 77.04918032786885], [7200.056285142899, 7200.048349142075, 7200.0576729774475]], [[75.40983606557377, 86.88524590163934, 78.68852459016394], [7200.54198718071, 7201.222542047501, 7200.90883398056]]], "batch": [[[81.9672131147541, 75.40983606557377, 67.21311475409836], [2.4446704387664795, 5.549599885940552, 5.253141164779663]], [[75.40983606557377, 86.88524590163934, 80.32786885245902], [7201.345832824707, 7201.395375728607, 7201.539036035538]], [[80.32786885245902, 83.60655737704919, 70.49180327868852], [7202.2126450538635, 7202.387315034866, 7204.597534894943]], [[77.04918032786885, 83.60655737704919, 85.24590163934425], [7203.182843923569, 7203.450882911682, 7205.6074187755585]]]}, "ts": "03-03-21:32"}