{"results": {"all": [[[78.68852459016394, 77.04918032786885, 81.9672131147541], [17.56454110145569, 27.551532983779907, 4.78792405128479]], [[73.77049180327869, 85.24590163934425, 83.60655737704919], [7200.037986040115, 6908.67405796051, 7200.110085964203]], [[85.24590163934425, 85.24590163934425, 80.32786885245902], [7200.040690898895, 7200.46861410141, 7200.079231977463]], [[80.32786885245902, 90.1639344262295, 85.24590163934425], [7200.069883823395, 7200.171396017075, 7200.218748092651]]], "batch": [[[83.60655737704919, 75.40983606557377, 70.49180327868852], [13.552637100219727, 25.077971935272217, 8.887048959732056]], [[81.9672131147541, 86.88524590163934, 72.1311475409836], [7201.405164480209, 7201.561006307602, 7201.258311033249]], [[78.68852459016394, 90.1639344262295, 73.77049180327869], [7201.98602437973, 7202.21803021431, 7202.442146062851]], [[77.04918032786885, 88.52459016393442, 78.68852459016394], [7202.844084978104, 7202.93475317955, 7202.880388021469]]]}, "ts": "02-03-01:04"}