{"results": {"1": {"train_accs": {"40": [100.0, 100.0], "60": [100.0, 100.0], "80": [100.0, 97.5]}, "test_accs": {"40": [77.63513513513513, 72.88083538083538], "60": [76.53562653562653, 77.74570024570025], "80": [77.97297297297298, 77.16216216216216]}, "runtimes": {"40": [0.5242328643798828, 0.5321071147918701], "60": [0.8658421039581299, 0.9998519420623779], "80": [1.7648460865020752, 1.8075170516967773]}, "objs": {"40": [0.0, 0.0], "60": [0.0, 0.0], "80": [0.0, 2.0]}}, "3": {"train_accs": {"40": [92.5, 100.0], "60": [100.0, 100.0], "80": [100.0, 100.0]}, "test_accs": {"40": [76.05036855036855, 74.84029484029485], "60": [74.58230958230958, 76.8918918918919], "80": [75.21498771498771, 77.11916461916462]}, "runtimes": {"40": [1.4047009944915771, 1.0341761112213135], "60": [1.7280690670013428, 2.592585802078247], "80": [3.5198910236358643, 5.31899094581604]}, "objs": {"40": [3.0, 0.0], "60": [0.0, 0.0], "80": [0.0, 0.0]}}, "7": {"train_accs": {"40": [100.0, 100.0], "60": [100.0, 98.33333333333333], "80": [100.0, 98.75]}, "test_accs": {"40": [65.73095823095824, 73.41523341523342], "60": [74.66830466830466, 77.7825552825553], "80": [78.12039312039312, 74.36117936117937]}, "runtimes": {"40": [1.176530122756958, 0.7295141220092773], "60": [1.7543060779571533, 1.5974938869476318], "80": [3.7480759620666504, 2.493932008743286]}, "objs": {"40": [0.0, 0.0], "60": [0.0, 1.0], "80": [0.0, 1.0]}}}, "ts": "02-04-13:39"}