{"results": {"train_accs": {"20": [10.0, 10.0], "40": [10.0, 10.0], "60": [10.0, 10.0]}, "val_accs": {"20": [9.914971657219072, 9.92330776925642], "40": [9.914943295530353, 10.095063375583722], "60": [9.914914914914915, 9.914914914914915]}, "test_accs": {"20": [10.09, 10.09], "40": [10.09, 10.299999999999999], "60": [10.09, 10.09]}, "runtimes": {"20": [13.456873893737793, 4.915354013442993], "40": [10.113243818283081, 0.9333908557891846], "60": [11.209188222885132, 245.65898299217224]}, "objs": {"20": [18.0, 18.0], "40": [36.0, Infinity], "60": [54.0, 54.0]}}, "ts": "02-04-12:24"}