{"results": {"train_accs": {"20": [100.0, 100.0], "40": [100.0, 100.0], "60": [100.0, 100.0]}, "val_accs": {"20": [15.826942314104702, 19.976658886295432], "40": [23.270513675783853, 27.63008672448299], "60": [24.587921254587922, 26.649983316649983]}, "test_accs": {"20": [16.75, 21.26], "40": [23.549999999999997, 28.82], "60": [24.54, 26.47]}, "runtimes": {"20": [6.473834991455078, 6.164920806884766], "40": [18.561213970184326, 20.86451292037964], "60": [48.16850185394287, 37.743064165115356]}, "objs": {"20": [0.0, 0.0], "40": [0.0, 0.0], "60": [0.0, 0.0]}}, "ts": "02-04-11:51"}