{"results": {"train_accs": {"20": [100.0, 100.0], "40": [100.0, 100.0], "60": [100.0, 100.0]}, "val_accs": {"20": [43.99633211070357, 47.01733911303768], "40": [52.05637091394263, 51.48765843895931], "60": [51.24958291624958, 52.39072405739073]}, "test_accs": {"20": [45.03, 49.519999999999996], "40": [52.94, 54.97], "60": [52.22, 53.98]}, "runtimes": {"20": [2.057394027709961, 2.0586130619049072], "40": [2.283565044403076, 2.792051076889038], "60": [3.1843039989471436, 2.9479639530181885]}, "objs": {"20": [0.0, 0.0], "40": [0.0, 0.0], "60": [0.0, 0.0]}}, "ts": "02-04-11:25"}