{"results": {"train_accs": {"20": [100.0, 100.0], "40": [100.0, 100.0], "60": [100.0, 100.0]}, "val_accs": {"20": [49.40980326775592, 54.33144381460486], "40": [60.07338225483656, 55.903935957304874], "60": [63.621955288621955, 60.06172839506173]}, "test_accs": {"20": [50.839999999999996, 56.24], "40": [60.56, 57.63], "60": [64.64, 61.23]}, "runtimes": {"20": [120.16049289703369, 120.08547306060791], "40": [120.11479115486145, 120.18607211112976], "60": [120.44321393966675, 120.04485607147217]}, "objs": {"20": [288.71209999999996, 316.8303000000001], "40": [232.12030004644788, 244.70800000000006], "60": [199.37360001993295, 207.51780000000002]}, "HL": [0, 0]}, "ts": "15-04-15:24"}