{"results": {"train_accs": {"20": [100.0, 100.0], "40": [100.0, 100.0], "60": [100.0, 100.0]}, "val_accs": {"20": [26.160386795598534, 23.49616538846282], "40": [33.74916611074049, 37.65843895930621], "60": [43.20987654320987, 43.93727060393727]}, "test_accs": {"20": [26.1, 26.31], "40": [35.49, 39.7], "60": [45.09, 45.36]}, "runtimes": {"20": [20.114233016967773, 11.478564023971558], "40": [120.03971791267395, 120.03379607200623], "60": [120.00588893890381, 120.01151514053345]}, "objs": {"20": [23.0, 21.0], "40": [30.0, 29.0], "60": [42.0, 39.0]}, "HL": [0, 0]}, "ts": "15-04-15:10"}