{"results": {"train_accs": {"20": [100.0, 90.0], "40": [87.5, 100.0], "60": [90.0, 93.33333333333333]}, "val_accs": {"20": [46.50383461153718, 52.93264421473825], "40": [58.13042028018679, 57.56337558372249], "60": [57.14047380714047, 57.71771771771772]}, "test_accs": {"20": [47.9, 54.17999999999999], "40": [58.46, 58.76], "60": [57.330000000000005, 58.589999999999996]}, "runtimes": {"20": [2.0215530395507812, 1.0526509284973145], "40": [300.00579500198364, 300.2342150211334], "60": [300.5107100009918, 36.879929065704346]}, "objs": {"20": [2.0, 2.0], "40": [13.0, 9.0], "60": [28.0, 23.0]}}, "ts": "02-04-11:23"}