{"results": {"train_accs": {"20": [100.0, 100.0], "40": [80.0, 100.0], "60": [100.0, 15.0]}, "val_accs": {"20": [26.688896298766256, 23.08602867622541], "40": [24.322881921280853, 34.117745163442294], "60": [37.712712712712715, 9.551217884551217]}, "test_accs": {"20": [27.439999999999998, 24.11], "40": [25.259999999999998, 34.910000000000004], "60": [38.98, 9.34]}, "runtimes": {"20": [23.387700080871582, 28.570037126541138], "40": [301.6411099433899, 300.00360202789307], "60": [300.0274031162262, 300.01104187965393]}, "objs": {"20": [2.0, 2.0], "40": [36.0, 66.0], "60": [111.0, 175.0]}}, "ts": "02-04-11:48"}