{"results": {"train_accs": {"20": [0.0, 15.0], "40": [10.0, 10.0], "60": [1.6666666666666667, 15.0]}, "val_accs": {"20": [9.908302767589197, 9.826608869623207], "40": [9.868245496997998, 10.095063375583722], "60": [10.075075075075075, 10.036703370036705]}, "test_accs": {"20": [10.299999999999999, 10.299999999999999], "40": [10.299999999999999, 10.299999999999999], "60": [10.299999999999999, 10.299999999999999]}, "runtimes": {"20": [300.0263078212738, 300.00429701805115], "40": [300.0084500312805, 300.0069558620453], "60": [270.40890407562256, 8.337298154830933]}, "objs": {"20": [20.0, 20.0], "40": [40.0, 40.0], "60": [60.0, 60.0]}}, "ts": "02-04-12:17"}