{"results": {"1": [[[18.0, 23.0, 17.0], [0.0, 0.6, 0.6]], [[24.0, 28.000000000000004, 20.0], [0.6, 1.7999999999999998, 1.2]], [[28.999999999999996, 31.0, 27.0], [1.7999999999999998, 1.7999999999999998, 3.0]], [[36.0, 35.0, 33.0], [3.5999999999999996, 2.4, 3.0]], [[37.0, 37.0, 34.0], [3.5999999999999996, 4.8, 5.3999999999999995]], [[39.0, 44.0, 41.0], [2.4, 9.0, 5.3999999999999995]], [[44.0, 46.0, 42.0], [4.2, 6.6, 5.3999999999999995]], [[47.0, 51.0, 45.0], [6.0, 6.0, 4.8]], [[51.0, 53.0, 45.0], [5.3999999999999995, 6.0, 5.3999999999999995]], [[50.0, 52.0, 50.0], [6.6, 6.6, 6.0]]], "2": [[[20.0, 14.000000000000002, 13.0], [2.4, 5400.0, 1.2]], [[20.0, 16.0, 16.0], [5400.0, 5400.0, 5400.0]], [[19.0, 18.0, 16.0], [5400.0, 5400.0, 5400.0]], [[27.0, 19.0, 19.0], [5400.0, 5400.0, 5400.0]], [[22.0, 22.0, 21.0], [5400.0, 5400.0, 5400.0]]], "3": [[[14.000000000000002, 12.0, 15.0], [5400.0, 5400.0, 5400.0]], [[12.0, 10.0, 11.0], [5400.0, 5400.0, 5400.0]], [[10.0, 11.0, 14.000000000000002], [5400.0, 5400.0, 5400.0]]]}, "ts": "23-02-18:01"}