{"results": {"1": [[[18.0, 23.0, 17.0, 17.0, 19.0], [0.0, 0.6, 0.6, 0.6, 0.6]], [[24.0, 28.000000000000004, 20.0, 22.0, 26.0], [0.6, 1.7999999999999998, 1.2, 1.7999999999999998, 1.7999999999999998]], [[28.999999999999996, 31.0, 27.0, 23.0, 33.0], [1.7999999999999998, 1.7999999999999998, 2.4, 2.4, 2.4]], [[36.0, 35.0, 33.0, 28.999999999999996, 39.0], [3.5999999999999996, 2.4, 3.0, 3.5999999999999996, 3.0]], [[37.0, 37.0, 34.0, 32.0, 41.0], [3.5999999999999996, 4.8, 4.8, 4.2, 2.4]], [[39.0, 44.0, 41.0, 38.0, 45.0], [2.4, 9.0, 6.0, 6.0, 3.0]], [[44.0, 46.0, 42.0, 39.0, 45.0], [4.8, 6.6, 5.3999999999999995, 4.8, 3.0]], [[47.0, 51.0, 45.0, 42.0, 49.0], [6.0, 5.3999999999999995, 5.3999999999999995, 5.3999999999999995, 3.5999999999999996]], [[51.0, 53.0, 45.0, 46.0, 48.0], [5.3999999999999995, 6.0, 6.0, 8.4, 2.4]], [[50.0, 52.0, 50.0, 44.0, 49.0], [6.0, 6.0, 5.3999999999999995, 5.3999999999999995, 9.6]]], "2": [[[20.0, 15.0, 13.0, 17.0, 22.0], [2.4, 3600.0, 1.2, 0.6, 1.7999999999999998]], [[21.0, 14.000000000000002, 18.0, 23.0, 26.0], [3600.0, 3600.0, 3600.0, 3600.0, 3600.0]], [[20.0, 19.0, 19.0, 17.0, 26.0], [3600.0, 3600.0, 3600.0, 3600.0, 3600.0]], [[21.0, 25.0, 19.0, 22.0, 21.0], [3600.0, 3600.0, 3600.0, 3600.0, 3600.0]], [[15.0, 22.0, 21.0, 16.0, 19.0], [3600.0, 3600.0, 3600.0, 3600.0, 3600.0]]], "3": [[[12.0, 12.0, 15.0, 12.0, 17.0], [3600.0, 3600.0, 3600.0, 3600.0, 3.0]], [[12.0, 10.0, 16.0, 11.0, 17.0], [3600.0, 3600.0, 3600.0, 3600.0, 3600.0]], [[11.0, 10.0, 15.0, 11.0, 13.0], [3600.0, 3600.0, 3600.0, 3600.0, 3600.0]]]}, "ts": "31-01-20:41"}