{"results": {"1": [[[24.98, 34.489999999999995], [12.91034984588623, 10.493629932403564]], [[38.33, 35.06], [17.227003574371338, 10.003361463546753]], [[34.74, 40.93], [9.019275426864624, 60.537517070770264]]], "2": [[[9.370000000000001, 18.05], [60.34218788146973, 60.34657669067383]], [[30.070000000000004, 22.759999999999998], [60.372774600982666, 60.35757255554199]]], "3": [[[15.770000000000001, 22.7], [60.342957735061646, 60.34549570083618]]]}, "ts": "27-03-11:57"}