{"results": {"1": [[[32.47, 34.0], [1.0647480487823486, 1.031627893447876]], [[50.29, 49.57], [2.093402862548828, 2.318963050842285]], [[45.32, 48.4], [2.313481092453003, 2.3359010219573975]]], "2": [[[12.91, 11.200000000000001], [7.388744831085205, 5.066402912139893]], [[13.34, 21.46], [33.273112058639526, 11.338212013244629]]], "3": [[[8.469999999999999, 14.680000000000001], [20.128288984298706, 31.438808917999268]]]}, "ts": "27-03-11:14"}