{"results": {"1": [[[33.03, 34.239999999999995, 33.56, 23.53, 33.129999999999995], [1.142441987991333, 1.1201839447021484, 2.2251038551330566, 1.1146240234375, 1.147068977355957]], [[45.49, 46.050000000000004, 43.29, 40.11, 43.68], [2.3135740756988525, 2.3178441524505615, 2.3097078800201416, 2.333099126815796, 2.325756072998047]], [[50.17, 46.32, 49.2, 49.82, 47.48], [2.4096710681915283, 3.492142915725708, 2.418964147567749, 2.421175003051758, 2.4268760681152344]], [[55.83, 48.3, 52.71, 45.08, 51.559999999999995], [2.522887945175171, 2.54783296585083, 4.724905967712402, 3.543529987335205, 2.5172879695892334]], [[60.919999999999995, 52.93, 48.78, 51.15, 50.18], [2.688378095626831, 2.6364691257476807, 2.6081881523132324, 3.598907947540283, 2.6296560764312744]], [[65.58, 57.440000000000005, 57.010000000000005, 51.970000000000006, 45.879999999999995], [2.696239948272705, 2.7388341426849365, 2.655527114868164, 2.663259983062744, 2.7334978580474854]], [[60.84, 56.31, 60.11, 52.64, 52.68000000000001], [2.7865970134735107, 2.828246831893921, 2.767481803894043, 2.7601840496063232, 2.814581871032715]], [[62.39, 57.269999999999996, 57.95, 50.22, 52.27], [2.8935840129852295, 2.9048218727111816, 2.852918863296509, 2.8249449729919434, 3.004769802093506]], [[65.82000000000001, 58.160000000000004, 59.17, 55.879999999999995, 50.46000000000001], [3.0472490787506104, 3.015265941619873, 2.968561887741089, 2.9295310974121094, 2.975497007369995]], [[62.35000000000001, 55.81, 58.919999999999995, 56.54, 54.76], [3.099609851837158, 3.1457698345184326, 3.0923922061920166, 3.043519973754883, 3.112262010574341]]], "2": [[[13.320000000000002, 21.099999999999998, 12.920000000000002, 6.43, 10.84], [3.2318530082702637, 4.200914144515991, 4.241075038909912, 3.052401065826416, 2.964139938354492]], [[12.0, 17.2, 16.25, 14.549999999999999, 16.16], [4.79051399230957, 4.720314979553223, 3.8582491874694824, 4.225142002105713, 4.169374942779541]], [[13.48, 17.9, 23.82, 17.53, 24.58], [9.314499855041504, 9.478851079940796, 8.342957973480225, 12.27156114578247, 11.38550090789795]], [[25.53, 25.779999999999998, 25.580000000000002, 14.879999999999999, 19.06], [67.21955800056458, 38.55340600013733, 35.06054997444153, 38.22340679168701, 68.50561594963074]], [[22.88, 24.08, 25.080000000000002, 26.640000000000004, 22.91], [69.38097810745239, 61.38910794258118, 115.33171701431274, 100.3282790184021, 72.40184497833252]]], "3": [[[9.76, 10.45, 18.94, 16.24, 15.740000000000002], [4.5455100536346436, 5.14424204826355, 4.269795179367065, 5.495517015457153, 4.242663145065308]], [[13.170000000000002, 15.260000000000002, 14.38, 11.540000000000001, 14.44], [8.925740003585815, 13.782018899917603, 13.304841041564941, 11.307479858398438, 7.537420034408569]], [[12.690000000000001, 16.06, 13.459999999999999, 13.59, 14.62], [3600.020859003067, 3600.0987510681152, 3600.0141129493713, 3600.0093610286713, 3600.08696103096]]]}, "ts": "30-01-09:33"}