{"results": {"1": [[[38.75, 38.75, 38.75], [2.2962801456451416, 2.2615349292755127, 2.2972841262817383]], [[43.86, 43.86, 43.86], [2.4333648681640625, 2.3771989345550537, 2.4981369972229004]], [[49.76, 49.76, 49.76], [2.4928488731384277, 2.5206940174102783, 2.469754219055176]], [[54.35, 54.35, 54.35], [2.583326816558838, 2.5501198768615723, 2.5591931343078613]], [[54.74, 54.74, 54.74], [2.678077220916748, 2.6695361137390137, 2.6710829734802246]], [[57.879999999999995, 57.879999999999995, 57.879999999999995], [2.7487030029296875, 2.842556953430176, 2.8029000759124756]], [[56.85, 56.85, 56.85], [2.8443450927734375, 2.8320999145507812, 2.819936990737915]], [[58.17, 58.17, 58.17], [2.92268705368042, 2.9291350841522217, 3.0231637954711914]], [[57.26, 57.26, 57.26], [3.0011839866638184, 2.9921751022338867, 3.1657450199127197]], [[58.199999999999996, 58.199999999999996, 58.199999999999996], [3.1636531352996826, 3.139838933944702, 3.1183080673217773]]], "2": [[[12.989999999999998, 12.989999999999998, 12.989999999999998], [3.7839608192443848, 3.770076036453247, 3.769160032272339]], [[18.61, 18.61, 18.61], [9.832450151443481, 10.492977857589722, 10.4130699634552]], [[19.62, 19.62, 19.62], [63.560500144958496, 61.98022699356079, 62.91137194633484]], [[19.35, 19.35, 19.35], [119.70613312721252, 119.75910115242004, 120.49665784835815]], [[25.95, 25.95, 25.95], [956.7937688827515, 954.6158177852631, 946.0156300067902]]], "3": [[[9.02, 9.02, 9.02], [7.777327060699463, 7.725251913070679, 7.702499866485596]], [[14.67, 14.67, 14.67], [161.02693104743958, 159.88891100883484, 159.9128861427307]], [[16.48, 16.48, 16.48], [5400.037800073624, 5400.037654161453, 5400.041789054871]]]}, "ts": "20-02-15:14"}