{"results": {"1": [[[36.46, 48.64], [37.398041009902954, 22.316277027130127]], [[57.24, 53.74], [61.55167484283447, 60.05885291099548]], [[55.84, 56.730000000000004], [61.25774002075195, 60.053240060806274]]], "2": [[[10.299999999999999, 10.299999999999999], [60.00080108642578, 60.00079703330994]], [[10.299999999999999, 10.299999999999999], [60.00147199630737, 60.00072407722473]]], "3": [[[10.299999999999999, 10.299999999999999], [60.0008020401001, 60.00326490402222]]]}, "ts": "27-03-11:38"}