{"results": {"1": [[[18.5, 24.490000000000002, 21.55, 14.49, 15.67], [6.403347015380859, 6.811503887176514, 5.457823991775513, 6.590672016143799, 5.518293142318726]], [[19.33, 21.42, 27.62, 25.22, 19.49], [6.640033960342407, 4.541032791137695, 4.505692958831787, 6.714661121368408, 6.82879114151001]], [[26.040000000000003, 27.889999999999997, 28.53, 26.57, 21.91], [4.87206506729126, 9.456587076187134, 9.035804033279419, 4.764636993408203, 7.120709180831909]], [[35.36, 27.22, 30.89, 24.279999999999998, 28.87], [12.830811023712158, 4.814014911651611, 6.952878952026367, 6.907259941101074, 5.062650918960571]], [[38.91, 39.989999999999995, 34.760000000000005, 31.669999999999998, 30.97], [6.063102960586548, 7.147536993026733, 4.85361909866333, 7.6471850872039795, 5.032580852508545]], [[45.24, 40.699999999999996, 40.64, 29.9, 41.88], [5.322750091552734, 10.175445795059204, 8.526780128479004, 5.272558927536011, 12.118643045425415]], [[45.34, 46.949999999999996, 45.14, 34.53, 41.82], [6.145893812179565, 6.637957811355591, 8.9012770652771, 7.584694862365723, 5.917750120162964]], [[55.06999999999999, 52.959999999999994, 50.64999999999999, 39.839999999999996, 42.08], [7.967076063156128, 8.243396043777466, 5.711391925811768, 6.876751184463501, 13.061000108718872]], [[49.01, 53.010000000000005, 54.22, 43.71, 47.63], [19.563356161117554, 8.805538892745972, 10.953706979751587, 12.723849058151245, 9.55144190788269]], [[53.98, 57.199999999999996, 53.410000000000004, 49.69, 49.68], [11.059315204620361, 11.140070915222168, 8.748569965362549, 11.270579099655151, 10.507538080215454]]], "2": [[[12.2, 11.66, 13.530000000000001, 16.55, 13.03], [7.2014100551605225, 6.549617052078247, 6.811491012573242, 8.759742021560669, 8.092676877975464]], [[9.75, 26.05, 19.28, 14.48, 18.029999999999998], [8.01117491722107, 12.275537967681885, 10.302832841873169, 11.839614152908325, 8.894126176834106]], [[18.990000000000002, 20.05, 22.89, 14.6, 18.47], [12.034181833267212, 25.43103289604187, 11.148426055908203, 19.302865982055664, 22.262469053268433]], [[22.61, 21.63, 18.65, 17.65, 26.58], [92.91998791694641, 40.50288701057434, 28.52582097053528, 31.90171194076538, 48.849366903305054]], [[26.33, 27.71, 21.21, 22.82, 26.790000000000003], [81.58557105064392, 118.69046592712402, 66.21199107170105, 95.81832695007324, 48.005112171173096]]], "3": [[[6.859999999999999, 14.249999999999998, 12.83, 14.41, 14.92], [11.098339796066284, 9.051841974258423, 9.038166999816895, 8.70764708518982, 7.039742946624756]], [[10.8, 16.520000000000003, 9.48, 11.51, 17.96], [30.244200944900513, 88.61084794998169, 36.01715612411499, 40.16534495353699, 40.91580390930176]], [[14.81, 17.169999999999998, 17.0, 12.23, 18.08], [3600.0557408332825, 3600.052295923233, 3600.037214040756, 3600.0180580615997, 3600.059557914734]]]}, "ts": "04-02-11:57"}