{"results": {"1": [[[24.58, 37.21], [4.032850980758667, 3.9117190837860107]], [[39.629999999999995, 36.47], [4.512105941772461, 4.577116012573242]], [[37.78, 41.660000000000004], [6.142215967178345, 5.796446084976196]]], "2": [[[13.96, 14.08], [6.781509876251221, 10.31819486618042]], [[22.99, 31.009999999999998], [18.353167057037354, 36.289594888687134]]], "3": [[[9.43, 10.32], [55.925280809402466, 60.00358700752258]]]}, "ts": "27-03-11:11"}