{"results": {"1": [[[20.560000000000002, 33.67, 25.21, 27.67, 29.54], [4.316359043121338, 3.2536630630493164, 12.446501970291138, 8.608335018157959, 8.360420942306519]], [[34.47, 35.449999999999996, 35.010000000000005, 28.95, 40.27], [19.48932409286499, 30.89276909828186, 22.47285008430481, 18.10311508178711, 19.062687873840332]], [[42.13, 43.19, 42.83, 37.79, 40.61], [136.5545139312744, 125.59065198898315, 77.02699613571167, 99.27908205986023, 77.68736290931702]], [[54.879999999999995, 48.67, 51.42, 44.49, 42.3], [478.1700029373169, 699.249754190445, 224.6131088733673, 248.8564112186432, 133.45605492591858]], [[55.059999999999995, 54.11, 54.400000000000006, 46.04, 47.31], [900.5385749340057, 901.7364959716797, 435.2964508533478, 606.6268489360809, 273.18534803390503]], [[56.96, 55.410000000000004, 56.36, 48.3, 46.73], [901.2539448738098, 900.7255320549011, 900.8126051425934, 901.4481041431427, 900.7529630661011]], [[55.06999999999999, 57.720000000000006, 57.989999999999995, 49.68, 49.93], [901.2561130523682, 901.0700118541718, 900.9537119865417, 901.4115788936615, 901.3378019332886]], [[58.730000000000004, 56.989999999999995, 65.78, 51.81, 54.08], [901.165726184845, 900.7942359447479, 900.9276671409607, 901.2716779708862, 901.1748290061951]], [[59.36, 62.11, 65.73, 59.93000000000001, 55.14], [900.9829549789429, 900.9025299549103, 900.8189029693604, 900.934623003006, 900.9281489849091]], [[59.48, 64.25999999999999, 66.51, 62.07, 56.330000000000005], [900.8894679546356, 900.8209798336029, 900.6773481369019, 900.8198008537292, 901.0080931186676]]], "2": [[[18.17, 22.07, 25.86, 14.27, 21.279999999999998], [3600.037148952484, 3600.0278840065002, 3600.019865989685, 3600.026932001114, 3600.026995897293]], [[26.72, 23.34, 28.43, 22.54, 30.78], [3600.0345261096954, 3600.039384126663, 3600.058860063553, 3600.1286730766296, 3600.018665075302]], [[10.299999999999999, 10.299999999999999, 10.299999999999999, 10.299999999999999, 10.299999999999999], [3600.006926059723, 3600.03550696373, 3600.0351979732513, 3600.0456709861755, 3600.057865858078]], [[10.299999999999999, 10.299999999999999, 10.299999999999999, 10.299999999999999, 10.299999999999999], [3600.9544920921326, 3600.0348188877106, 3600.2226440906525, 3600.965003013611, 3600.031905889511]], [[10.299999999999999, 10.299999999999999, 10.299999999999999, 10.299999999999999, 10.299999999999999], [3600.061000108719, 3600.027956008911, 3600.2866978645325, 3603.6275420188904, 3600.007232904434]]], "3": [[[20.87, 22.99, 17.4, 15.540000000000001, 22.71], [3600.035952091217, 3600.0346541404724, 3600.009570837021, 3600.0151369571686, 3600.0133039951324]], [[10.299999999999999, 10.299999999999999, 10.299999999999999, 10.299999999999999, 10.299999999999999], [3600.0411520004272, 3600.046340227127, 3600.045725107193, 3600.0447220802307, 3600.035059928894]], [[10.299999999999999, 10.299999999999999, 10.299999999999999, 10.299999999999999, 10.299999999999999], [3600.0497691631317, 3600.0427029132843, 3600.0741291046143, 3600.050535917282, 3600.0505092144012]]]}, "ts": "30-01-03:53"}