{"results": {"1": [[[33.03, 46.33, 36.370000000000005, 28.71, 38.190000000000005], [5.227016925811768, 5.269017219543457, 8.596066951751709, 4.167967796325684, 3.1642990112304688]], [[55.13, 51.68000000000001, 48.089999999999996, 51.980000000000004, 55.78999999999999], [3.1982080936431885, 7.81630277633667, 5.3261189460754395, 5.271991014480591, 9.021651029586792]], [[58.84, 53.269999999999996, 57.03, 49.830000000000005, 56.230000000000004], [10.17182993888855, 3.278809070587158, 14.645094871520996, 9.582201957702637, 7.116411209106445]], [[61.79, 61.08, 62.69, 57.63, 59.5], [19.26964807510376, 10.683132886886597, 10.383841037750244, 43.32472515106201, 15.0622718334198]], [[63.99, 62.74999999999999, 63.68000000000001, 62.63999999999999, 60.91], [27.72338604927063, 22.353957176208496, 22.5762300491333, 48.380643129348755, 13.15034794807434]], [[66.08000000000001, 67.49000000000001, 68.30000000000001, 63.6, 61.61], [904.7666640281677, 31.1750910282135, 59.98059105873108, 902.2048931121826, 900.8213119506836]], [[68.58, 70.15, 70.43, 63.65, 61.85000000000001], [905.2621049880981, 905.8237130641937, 902.5632889270782, 906.5427429676056, 903.5476839542389]], [[68.82000000000001, 69.28, 72.61999999999999, 64.05, 63.93], [907.6034569740295, 903.8693151473999, 905.0067150592804, 905.4790828227997, 904.2027080059052]], [[69.85, 71.2, 75.32, 68.07, 65.52], [906.4553821086884, 903.7128870487213, 904.4745171070099, 904.6999039649963, 905.2607879638672]], [[72.14, 71.32, 76.64, 69.28, 66.67999999999999], [905.1424119472504, 905.2925479412079, 904.464026927948, 904.8498039245605, 904.523099899292]]], "2": [[[11.62, 16.73, 13.4, 16.869999999999997, 15.040000000000001], [8.053198099136353, 7.108947038650513, 11.35525107383728, 8.043946981430054, 11.385179996490479]], [[14.52, 17.37, 15.5, 13.200000000000001, 22.14], [61.62332487106323, 66.91956901550293, 56.598532915115356, 12.565091133117676, 13.078550100326538]], [[22.15, 22.25, 21.65, 15.709999999999999, 28.16], [48.79040217399597, 23.596052885055542, 22.77588701248169, 18.952816009521484, 15.014467000961304]], [[18.18, 23.41, 22.59, 24.47, 24.990000000000002], [24.184190034866333, 26.662155151367188, 46.0090811252594, 52.846972942352295, 54.58234786987305]], [[24.349999999999998, 25.97, 31.89, 19.71, 29.220000000000002], [155.779883146286, 66.81993889808655, 118.3741409778595, 32.64591193199158, 139.97420692443848]]], "3": [[[4.71, 9.6, 10.73, 13.94, 12.21], [14.466562032699585, 8.016025066375732, 15.076910972595215, 7.467055082321167, 10.023210048675537]], [[17.32, 19.02, 19.82, 15.909999999999998, 14.84], [78.17656207084656, 143.08560395240784, 26.733700037002563, 71.17722606658936, 31.099698066711426]], [[16.689999999999998, 18.02, 15.6, 15.64, 16.64], [3600.041342973709, 3600.0566668510437, 3600.0581550598145, 3600.014391899109, 3600.0472071170807]]]}, "ts": "28-01-03:39"}