{"results": {"1": [[[40.150000000000006, 40.150000000000006, 40.150000000000006], [4.529447078704834, 4.599708080291748, 4.522350072860718]], [[30.44, 30.44, 30.44], [4.629637956619263, 4.685126066207886, 4.683598041534424]], [[34.06, 34.06, 34.06], [5.247797966003418, 5.294764041900635, 6.031387090682983]], [[36.33, 36.33, 36.33], [6.604996919631958, 5.840934991836548, 5.789854049682617]], [[33.97, 33.97, 33.97], [6.455324172973633, 6.526705980300903, 6.502075910568237]], [[34.870000000000005, 34.870000000000005, 34.870000000000005], [6.605041027069092, 6.224647045135498, 6.273945093154907]], [[33.09, 33.09, 33.09], [7.539118051528931, 7.550146102905273, 7.574657917022705]], [[32.519999999999996, 32.519999999999996, 32.519999999999996], [8.020238161087036, 8.093333005905151, 8.071852922439575]], [[32.910000000000004, 32.910000000000004, 32.910000000000004], [9.697253942489624, 9.758426904678345, 9.910410165786743]], [[33.81, 33.81, 33.81], [10.618738889694214, 10.616822004318237, 10.968382835388184]]], "2": [[[12.629999999999999, 12.629999999999999, 12.629999999999999], [305.83696007728577, 306.9930901527405, 306.38385486602783]], [[20.549999999999997, 20.549999999999997, 20.549999999999997], [5400.198765039444, 5400.336402893066, 5400.319614171982]], [[29.67, 29.67, 29.67], [5402.289073944092, 5402.467200994492, 5402.438179969788]], [[38.23, 38.23, 38.23], [5400.008675813675, 5400.021154880524, 5400.013086080551]], [[28.560000000000002, 28.560000000000002, 28.560000000000002], [5400.037287950516, 5400.109634876251, 5400.048201799393]]], "3": [[[11.93, 11.93, 11.93], [5401.382444858551, 5400.099059104919, 5400.220333814621]], [[17.599999999999998, 17.599999999999998, 17.599999999999998], [5401.245769023895, 5401.2441029548645, 5401.166640996933]], [[12.42, 12.42, 12.42], [5400.011282920837, 5400.015938997269, 5400.010365009308]]]}, "ts": "22-02-08:56"}