{"results": {"1": [[[40.150000000000006, 40.150000000000006, 40.150000000000006], [4.573970079421997, 4.524254083633423, 4.548194885253906]], [[30.44, 30.44, 30.44], [4.746152877807617, 4.7361159324646, 4.709030866622925]], [[34.06, 34.06, 34.06], [5.280671834945679, 5.379856109619141, 5.307429075241089]], [[36.33, 36.33, 36.33], [5.866976976394653, 5.923893928527832, 5.948692083358765]], [[33.97, 33.97, 33.97], [6.560245037078857, 6.5573890209198, 6.601871967315674]], [[34.870000000000005, 34.870000000000005, 34.870000000000005], [7.072613000869751, 7.029889106750488, 6.337591886520386]], [[33.09, 33.09, 33.09], [7.668473958969116, 7.633472919464111, 7.635828018188477]], [[32.519999999999996, 32.519999999999996, 32.519999999999996], [8.513113975524902, 8.076971054077148, 8.187489986419678]], [[32.910000000000004, 32.910000000000004, 32.910000000000004], [9.98386812210083, 9.928539991378784, 10.510442018508911]], [[33.81, 33.81, 33.81], [10.710388898849487, 10.749667882919312, 10.848824977874756]]], "2": [[[18.07, 18.07, 18.07], [4.57317590713501, 4.38784384727478, 4.400020122528076]], [[20.62, 20.62, 20.62], [6.447798013687134, 6.463902950286865, 6.462414026260376]], [[35.54, 35.54, 35.54], [60.93048405647278, 61.44856405258179, 61.46994996070862]], [[33.86, 33.86, 33.86], [112.06991219520569, 112.50848388671875, 112.27518606185913]], [[35.88, 35.88, 35.88], [136.91322493553162, 138.95455718040466, 138.19737911224365]]], "3": [[[12.280000000000001, 12.280000000000001, 12.280000000000001], [59.161442041397095, 58.866934061050415, 58.81342005729675]], [[16.97, 16.97, 16.97], [5400.024684906006, 5400.021798849106, 5400.015645980835]], [[11.39, 11.39, 11.39], [5400.112953901291, 5400.098825931549, 5400.119415044785]]]}, "ts": "21-02-00:52"}