{"results": {"1": [[[20.61, 24.46], [6.232605934143066, 5.419909954071045]], [[28.42, 28.970000000000002], [8.153332948684692, 23.472913026809692]], [[29.82, 36.59], [60.00489687919617, 60.00758910179138]]], "2": [[[10.299999999999999, 10.299999999999999], [60.022469997406006, 60.003069162368774]], [[10.299999999999999, 10.299999999999999], [60.00220203399658, 60.028980016708374]]], "3": [[[10.299999999999999, 10.299999999999999], [60.003718852996826, 60.0973379611969]]]}, "ts": "27-03-11:25"}