{"results": {"1": [[[22.45, 22.45, 22.45], [6.168751955032349, 6.295285940170288, 7.0276079177856445]], [[21.04, 21.04, 21.04], [14.44321608543396, 13.322497129440308, 14.525849103927612]], [[31.35, 31.35, 31.35], [59.43313384056091, 60.77304196357727, 59.585464000701904]], [[43.26, 43.26, 43.26], [103.03389501571655, 103.0378680229187, 103.8283040523529]], [[42.15, 42.15, 42.15], [471.69375705718994, 471.6946439743042, 473.2091829776764]], [[41.33, 41.33, 41.33], [824.6781139373779, 824.8874018192291, 827.5620429515839]], [[48.15, 48.15, 48.15], [900.3684101104736, 900.3714518547058, 900.3699769973755]], [[44.91, 44.91, 44.91], [900.4297621250153, 900.4432899951935, 900.4446918964386]], [[52.14, 52.14, 52.14], [900.5032601356506, 900.5135340690613, 900.5072150230408]], [[49.43, 49.43, 49.43], [900.6261248588562, 900.5999829769135, 900.6172950267792]]], "2": [[[9.75, 9.75, 9.75], [870.5889317989349, 869.5607931613922, 867.7142248153687]], [[21.57, 21.57, 21.57], [5400.0171620845795, 5400.033985853195, 5400.050173044205]], [[10.299999999999999, 10.299999999999999, 10.299999999999999], [5400.004655838013, 5400.007308959961, 5400.017043828964]], [[10.299999999999999, 10.299999999999999, 10.299999999999999], [5400.03759598732, 5400.191055059433, 5400.035529851913]], [[10.299999999999999, 10.299999999999999, 10.299999999999999], [5400.126046895981, 5400.225672960281, 5400.078930854797]]], "3": [[[10.299999999999999, 10.299999999999999, 10.299999999999999], [5400.012634038925, 5400.022418022156, 5400.033159017563]], [[10.299999999999999, 10.299999999999999, 10.299999999999999], [5400.039459943771, 5400.04460310936, 5400.01136302948]], [[10.299999999999999, 10.299999999999999, 10.299999999999999], [5400.051167011261, 5400.071756839752, 5400.056251049042]]]}, "ts": "25-02-06:44"}