{"results": {"1": [[[18.5, 24.490000000000002, 21.55, 14.49, 15.67], [5.741673946380615, 6.550339937210083, 5.486114978790283, 6.966097116470337, 5.472947835922241]], [[19.33, 21.42, 27.62, 25.22, 19.49], [6.741639852523804, 4.7898430824279785, 4.571545839309692, 7.0846099853515625, 6.739793062210083]], [[26.040000000000003, 27.889999999999997, 28.53, 26.57, 21.91], [4.823324918746948, 9.11929988861084, 9.023555994033813, 4.7009289264678955, 7.212154865264893]], [[35.36, 27.22, 30.89, 24.279999999999998, 28.87], [12.905757904052734, 4.784014940261841, 6.923601150512695, 7.096323013305664, 5.044637203216553]], [[38.91, 39.989999999999995, 34.760000000000005, 31.669999999999998, 30.97], [5.3561718463897705, 7.311932802200317, 4.869447946548462, 7.4729390144348145, 5.181227207183838]], [[45.24, 40.699999999999996, 40.64, 29.9, 41.88], [5.2623131275177, 10.183869123458862, 8.660444021224976, 5.428371906280518, 11.918861150741577]], [[45.34, 46.949999999999996, 45.14, 34.53, 41.82], [6.358773946762085, 6.10369086265564, 9.241160154342651, 7.7380688190460205, 5.805450916290283]], [[55.06999999999999, 52.959999999999994, 50.64999999999999, 39.839999999999996, 42.08], [7.982095956802368, 8.431749105453491, 5.895354986190796, 6.356425046920776, 12.90453815460205]], [[49.01, 53.010000000000005, 54.22, 43.71, 47.63], [19.940263032913208, 9.372745990753174, 10.537155151367188, 11.929352045059204, 8.574980974197388]], [[53.98, 57.199999999999996, 53.410000000000004, 49.69, 49.68], [11.054497003555298, 11.393357038497925, 8.942946910858154, 11.255821943283081, 9.689911842346191]]], "2": [[[16.830000000000002, 14.78, 15.809999999999999, 13.950000000000001, 11.14], [7.673599004745483, 12.292041778564453, 18.039814949035645, 10.30567193031311, 10.718879222869873]], [[23.080000000000002, 19.05, 19.33, 11.15, 23.549999999999997], [19.66946506500244, 20.309283018112183, 20.98695683479309, 22.378905057907104, 49.73098802566528]], [[19.0, 22.869999999999997, 27.26, 21.64, 21.3], [89.81615805625916, 151.5353500843048, 99.30908203125, 216.41267490386963, 168.4254310131073]], [[27.02, 21.62, 21.18, 26.86, 27.74], [413.17917013168335, 396.34387493133545, 297.83498191833496, 201.93442606925964, 271.3810770511627]], [[30.18, 32.82, 23.369999999999997, 27.97, 28.310000000000002], [898.8996729850769, 867.1831760406494, 1110.6407370567322, 816.8797950744629, 592.0426931381226]]], "3": [[[11.379999999999999, 13.38, 14.04, 16.73, 17.2], [322.7689850330353, 2697.256352186203, 2570.336292028427, 664.1772809028625, 1079.496719121933]], [[12.82, 20.93, 22.39, 20.54, 20.919999999999998], [3601.3098878860474, 3600.0918929576874, 3601.206260919571, 3600.39307308197, 3601.312917947769]], [[13.28, 13.62, 12.55, 16.84, 11.86], [3601.1974618434906, 3603.8104181289673, 3600.026549100876, 3600.0826499462128, 3600.010798931122]]]}, "ts": "04-02-06:07"}