{"results": {"1": [[[22.75, 26.71], [1.1797521114349365, 1.0584421157836914]], [[29.299999999999997, 28.78], [1.0878901481628418, 1.089676856994629]], [[31.569999999999997, 21.23], [1.0689799785614014, 1.2185320854187012]]], "2": [[[15.129999999999999, 18.65], [9.447009086608887, 19.554760217666626]], [[30.240000000000002, 25.82], [60.00861406326294, 29.055831909179688]]], "3": [[[10.299999999999999, 10.299999999999999], [60.03137803077698, 60.00683403015137]]]}, "ts": "27-03-11:46"}